,compound,thresh,val
0,anidulafungin,low,0.20478105548325742
1,anidulafungin,up,0.6038849502756148
2,caspofungin,low,0.2050864811633561
3,caspofungin,up,0.5819148520848895
4,dox,low,-0.11713039059487688
5,dox,up,
6,micafungin,low,0.18325636137702117
7,micafungin,up,0.7171700006637833
8,none,low,-0.06094985846743013
9,none,up,
