,compound,thresh,val
0,anidulafungin,low,0.2271175166273951
1,anidulafungin,up,0.6530792758209781
2,caspofungin,low,0.1769036366661934
3,caspofungin,up,0.5639347597193457
4,dox,low,-0.12386661442231138
5,dox,up,
6,micafungin,low,0.1823643620615026
7,micafungin,up,0.7528813422352072
8,none,low,-0.053854964719720795
9,none,up,
