,compound,thresh,val
0,anidulafungin,low,0.48289672978709003
1,anidulafungin,up,1.2512531391695831
2,caspofungin,low,0.4646325141076371
3,caspofungin,up,1.2071437425794238
4,micafungin,low,0.4325921823182652
5,micafungin,up,1.3375657832427754
6,none,low,-0.04255494267412155
7,none,up,
