,compound,thresh,val
0,anidulafungin,low,0.39492718464690485
1,anidulafungin,up,1.2138387875634666
2,caspofungin,low,0.4103769119281994
3,caspofungin,up,1.0968852703544025
4,micafungin,low,0.41264237559258915
5,micafungin,up,1.3394900049381264
6,none,low,-0.05416348290450234
7,none,up,
