,compound,thresh,val
0,anidulafungin,low,0.438091159166636
1,anidulafungin,up,1.1662717031507757
2,caspofungin,low,0.3855766295362963
3,caspofungin,up,1.0497915531177893
4,micafungin,low,0.38517333304070955
5,micafungin,up,1.3397460198535047
6,none,low,-0.0434825954961951
7,none,up,
