,compound,thresh,val
0,anidulafungin,low,-0.22743502334600607
1,anidulafungin,up,0.9003277744076049
2,caspofungin,low,0.3666035870450912
3,caspofungin,up,2.4516315449073423
4,micafungin,low,0.04528724803998052
5,micafungin,up,2.1619501045053644
6,none,low,-0.10719403846676023
7,none,up,
