,compound,thresh,val
0,anidulafungin,low,0.230037547136845
1,anidulafungin,up,0.765062581481779
2,caspofungin,low,0.283621305561354
3,caspofungin,up,0.9028132145944745
4,micafungin,low,0.12616965687466486
5,micafungin,up,0.5413777192182554
6,none,low,-0.13150604574426572
7,none,up,
