,compound,thresh,val
0,anidulafungin,low,-0.28991497219941165
1,anidulafungin,up,0.9286564315714894
2,caspofungin,low,0.2919964199966848
3,caspofungin,up,2.4164827356392418
4,micafungin,low,0.056596378848265516
5,micafungin,up,2.3606356688086167
6,none,low,-0.11073244287361092
7,none,up,
