,compound,thresh,val
0,anidulafungin,low,0.24770262435958218
1,anidulafungin,up,0.5408910721558697
2,caspofungin,low,0.4085463182167721
3,caspofungin,up,0.9984039964709504
4,micafungin,low,0.37645155572028144
5,micafungin,up,0.9652596641289641
6,none,low,-0.06269701756599894
7,none,up,
