,compound,thresh,val
0,anidulafungin,low,0.24770262435956764
1,anidulafungin,up,0.5408910721558113
2,caspofungin,low,0.4085463182167701
3,caspofungin,up,0.99840399647095
4,micafungin,low,0.3764515557202961
5,micafungin,up,0.9652596641289767
6,none,low,-0.06269701756599534
7,none,up,
