,compound,thresh,val
0,anidulafungin,low,0.3198331609879817
1,anidulafungin,up,0.8506136943505389
2,caspofungin,low,0.21828055618500336
3,caspofungin,up,0.916699783491938
4,dox,low,-0.05669623659261577
5,dox,up,
6,micafungin,low,0.1167868735407809
7,micafungin,up,0.7828141435085147
8,none,low,-0.04629281877219249
9,none,up,
