,compound,thresh,val
0,anidulafungin,low,0.2715255024390563
1,anidulafungin,up,0.8250741147663527
2,caspofungin,low,0.19080377740700047
3,caspofungin,up,0.8967561696632348
4,dox,low,-0.06180123364797115
5,dox,up,
6,micafungin,low,0.14148675812548414
7,micafungin,up,0.7624412652622231
8,none,low,-0.038263994205672086
9,none,up,
