,compound,thresh,val
0,anidulafungin,low,0.3167119222890762
1,anidulafungin,up,0.9433571382051406
2,caspofungin,low,0.30438888612748743
3,caspofungin,up,0.9400386436357576
4,dox,low,-0.10188072772879486
5,dox,up,
6,micafungin,low,0.13410851190830733
7,micafungin,up,0.6897610663770921
8,none,low,-0.044471434120667785
9,none,up,
